dialogue,tokens,compound,fear,anger,anticip,trust,surprise,sadness,disgust,joy
"Most men like working on things. Tools, objects, fixing things. This is what men enjoy doing. Have you ever noticed a guys out in his driveway working on something with tools, how all the other men in the neighborhood are magnetically drawn to this activity. They just come wandering out of the house like zombies. Men, its true, men hear a drill, its like a dog whistle. Just... (his head perks up) you know, they go running up to that living room curtain, Honey, I think Jims working on something over there. So they run over to the guy. Now they dont actually help the guy. No, they just want to hang around the area where work is being done. Thats what men want to do. We want to watch the guy, we want to talk to him, we want to ask him dumb questions. You know, What are you using, a Phillips-head? You know, we feel involved. Thats why when they have construction sites, they have to have those wood panel fences around it, thats just to keep the men out. They cut those little holes for us so we can see what the hell is going on. But if they dont cut those holes, we are climbing those fences. Right over there. What are you using the steel girders down there? Yeah, thatll hold.","['Most men like working on things.', 'Tools, objects, fixing things.', 'This is what men enjoy doing.', 'Have you ever noticed a guys out in his driveway working on something with tools, how all the other men in the neighborhood are magnetically drawn to this activity.', 'They just come wandering out of the house like zombies.', 'Men, its true, men hear a drill, its like a dog whistle.', 'Just... (his head perks up) you know, they go running up to that living room curtain, Honey, I think Jims working on something over there.', 'So they run over to the guy.', 'Now they dont actually help the guy.', 'No, they just want to hang around the area where work is being done.', 'Thats what men want to do.', 'We want to watch the guy, we want to talk to him, we want to ask him dumb questions.', 'You know, What are you using, a Phillips-head?', 'You know, we feel involved.', 'Thats why when they have construction sites, they have to have those wood panel fences around it, thats just to keep the men out.', 'They cut those little holes for us so we can see what the hell is going on.', 'But if they dont cut those holes, we are climbing those fences.', 'Right over there.', 'What are you using the steel girders down there?', 'Yeah, thatll hold.']",,0.1,0.05,0.0,0.1,0.0,0.05,0.05,0.1
I had to say something. (chuckles) I had to say something. Everything was going so well. I had to say something.,"['I had to say something.', '(chuckles) I had to say something.', 'Everything was going so well.', 'I had to say something.']",,0.0,0.0,0.0,0.0,0.0,0.0,0.0,0.0
I dont think you did anything wrong.,['I dont think you did anything wrong.'],-0.4767,0.0,0.0,0.0,0.0,0.0,0.0,0.0,0.0
I told her I liked her. Why? Why did I tell her I like her? I have this sick compulsion to tell women how I feel. I like you I dont tell you.,"['I told her I liked her.', 'Why?', 'Why did I tell her I like her?', 'I have this sick compulsion to tell women how I feel.', 'I like you I dont tell you.']",,0.0,0.2,0.0,0.0,0.0,0.2,0.2,0.0
We can only thank God for that.,['We can only thank God for that.'],0.5574,0.0,0.0,0.0,0.0,0.0,0.0,0.0,0.0
Im outta the picture. I am outta the picture. (laughs) Its only a matter of time now.,"['Im outta the picture.', 'I am outta the picture.', '(laughs) Its only a matter of time now.']",,0.0,0.0,0.0,0.0,0.0,0.0,0.0,0.0
Youre imagining this. Really.,"['Youre imagining this.', 'Really.']",,0.0,0.0,0.0,0.0,0.0,0.0,0.0,0.0
"Oh, no. No no no no.","['Oh, no.', 'No no no no.']",,0.0,0.0,0.0,0.0,0.0,0.0,0.0,0.0
Ill tell you when it happened. When that floss came flying out of my pocket.,"['Ill tell you when it happened.', 'When that floss came flying out of my pocket.']",-0.2107,0.5,0.0,0.0,0.0,0.0,0.0,0.0,0.0
What floss? When?,"['What floss?', 'When?']",,0.0,0.0,0.0,0.0,0.0,0.0,0.0,0.0
"We were in the lobby during the intermission of the play. I was buying her one of those containers of orange drink, for five dollars. I reached into my pocket to pay for it, I looked down; theres this piece of green floss hanging from my fingers.","['We were in the lobby during the intermission of the play.', 'I was buying her one of those containers of orange drink, for five dollars.', 'I reached into my pocket to pay for it, I looked down; theres this piece of green floss hanging from my fingers.']",,0.07692307692307693,0.07692307692307693,0.0,0.15384615384615385,0.0,0.07692307692307693,0.07692307692307693,0.15384615384615385
"Ah, mint.","['Ah, mint.']",,0.0,0.0,0.0,0.0,0.0,0.0,0.0,0.0
"Of course. So, Im looking at it. I look up, I see shes looking at it. Our eyes lock. It was a horrible moment. I just..","['Of course.', 'So, Im looking at it.', 'I look up, I see shes looking at it.', 'Our eyes lock.', 'It was a horrible moment.', 'I just..']",,0.25,0.25,0.0,0.0,0.0,0.0,0.25,0.0
"So let me get this straight. She saw the floss, you panicked and you told her you liked her.","['So let me get this straight.', 'She saw the floss, you panicked and you told her you liked her.']",,0.0,0.0,0.0,0.0,0.0,0.0,0.0,0.0
"If I didnt put that floss in my pocket, Id be crawling around her bedroom right now looking for my glasses.","['If I didnt put that floss in my pocket, Id be crawling around her bedroom right now looking for my glasses.']",,0.0,0.0,0.0,0.0,0.0,0.0,0.0,0.0
And youre sure the floss was the catalyst?,['And youre sure the floss was the catalyst?'],0.3182,0.0,0.0,0.0,0.0,0.0,0.0,0.0,0.0
"Yes, I am.","['Yes, I am.']",0.4019,0.0,0.0,0.0,0.0,0.0,0.0,0.0,0.0
You dont think it mightve had anything to do with that?,['You dont think it mightve had anything to do with that?'],,0.0,0.0,0.0,0.0,0.0,0.0,0.0,0.0
What? You dont like this?,"['What?', 'You dont like this?']",-0.1774,0.0,0.0,0.0,0.0,0.0,0.0,0.0,0.0
It looks like your belt is digesting a small animal.,['It looks like your belt is digesting a small animal.'],0.3612,0.25,0.25,0.0,0.0,0.0,0.0,0.0,0.0
"(to the phone) Oh, theyve got a cure for cancer. See, its all big business. Oh hey, Jerry just walked in. Hi, George. (to the phone again) Yeah yeah yeah yeah take my number. 555-8643. Okay, here he is.","['(to the phone) Oh, theyve got a cure for cancer.', 'See, its all big business.', 'Oh hey, Jerry just walked in.', 'Hi, George.', '(to the phone again) Yeah yeah yeah yeah take my number.', '555-8643.', 'Okay, here he is.']",,0.2,0.2,0.0,0.0,0.0,0.2,0.2,0.0
(to Kramer) Who is it?,['(to Kramer) Who is it?'],,0.0,0.0,0.0,0.0,0.0,0.0,0.0,0.0
Take it.,['Take it.'],,0.0,0.0,0.0,0.0,0.0,0.0,0.0,0.0
Who is it?,['Who is it?'],,0.0,0.0,0.0,0.0,0.0,0.0,0.0,0.0
Its for you.,['Its for you.'],,0.0,0.0,0.0,0.0,0.0,0.0,0.0,0.0
"(to the phone) Hello? (disappointed) Oh, hi Joel. (Jerry hits Kramer with a magazine.) No. Uh, I was out of town. I just got back. Kramer doesnt know anything. Hes just my next-door neighbor. Uh, nothing much... Tuesday? Uh, Tuesday, no. Im meeting somebody... Uh, Wednesday? Wednesdays okay... All right. Uh, Im a little busy right now. Can we talk Wednesday morning?... Okay... Yeah... Right... Thanks... Bye. (Jerry hangs up; to Kramer) Why did you put me on the phone with him? I hate just being handed a phone.","['(to the phone) Hello?', '(disappointed) Oh, hi Joel.', '(Jerry hits Kramer with a magazine.)', 'No.', 'Uh, I was out of town.', 'I just got back.', 'Kramer doesnt know anything.', 'Hes just my next-door neighbor.', 'Uh, nothing much... Tuesday?', 'Uh, Tuesday, no.', 'Im meeting somebody...', 'Uh, Wednesday?', 'Wednesdays okay... All right.', 'Uh, Im a little busy right now.', 'Can we talk Wednesday morning?...', 'Okay... Yeah...', 'Right...', 'Thanks... Bye.', '(Jerry hangs up; to Kramer) Why did you put me on the phone with him?', 'I hate just being handed a phone.']",,0.07692307692307693,0.15384615384615385,0.0,0.07692307692307693,0.0,0.15384615384615385,0.15384615384615385,0.0
"Well, its your phone. He wanted to talk to you.","['Well, its your phone.', 'He wanted to talk to you.']",,0.0,0.0,0.0,0.0,0.0,0.0,0.0,0.0
Maybe I didnt want to talk to him.,['Maybe I didnt want to talk to him.'],,0.0,0.0,0.0,0.0,0.0,0.0,0.0,0.0
"Well, why not?","['Well, why not?']",0.2732,0.0,0.0,0.0,0.0,0.0,0.0,0.0,0.0
He bothers me. I dont even answer the phone anymore because of him. Hes turned me into a screener. Now I gotta go see him on Wednesday.,"['He bothers me.', 'I dont even answer the phone anymore because of him.', 'Hes turned me into a screener.', 'Now I gotta go see him on Wednesday.']",,0.0,0.0,0.0,0.0,0.0,0.0,0.0,0.0
What do you mean Wednesday? I though we had tickets to the Knick game Wednesday. We got seats behind the bench! What happened? Were not going?,"['What do you mean Wednesday?', 'I though we had tickets to the Knick game Wednesday.', 'We got seats behind the bench!', 'What happened?', 'Were not going?']",,0.0,0.0,0.0,0.0,0.0,0.0,0.0,0.0
Were going. Thats next Wednesday.,"['Were going.', 'Thats next Wednesday.']",,0.0,0.0,0.0,0.0,0.0,0.0,0.0,0.0
Oh. Who is this guy?,"['Oh.', 'Who is this guy?']",,0.0,0.0,0.0,0.0,0.0,0.0,0.0,0.0
His name is Joel Horneck. He lived like three houses down from me when I grew up. He had a Ping Pong table. We were friends. Should I suffer the rest of my life because I like to play Ping Pong? I was ten. I wouldve been friends with Stalin if he had a Ping Pong table. Hes so self-involved.,"['His name is Joel Horneck.', 'He lived like three houses down from me when I grew up.', 'He had a Ping Pong table.', 'We were friends.', 'Should I suffer the rest of my life because I like to play Ping Pong?', 'I was ten.', 'I wouldve been friends with Stalin if he had a Ping Pong table.', 'Hes so self-involved.']",,0.0,0.0,0.0,0.0,0.0,0.0,0.0,0.0
"Thats for me. (to the phone) Kramerica Industries. Oh, hi, Mark. No no no. Forget that. I got a better idea. A pizza place where you make your own pie...","['Thats for me.', '(to the phone) Kramerica Industries.', 'Oh, hi, Mark.', 'No no no.', 'Forget that.', 'I got a better idea.', 'A pizza place where you make your own pie...']",,0.0,0.0,0.0,0.0,0.0,0.0,0.0,0.0
Can you conduct your business elsewhere?,['Can you conduct your business elsewhere?'],,0.0,0.0,0.0,0.0,0.0,0.0,0.0,0.0
(ignoring Jerry) No no no. Im talking about a whole chain of em. Yeah.,"['(ignoring Jerry) No no no.', 'Im talking about a whole chain of em.', 'Yeah.']",,0.0,0.0,0.0,0.0,0.0,0.0,0.0,0.0
"I dont know why you even bother with this ping pong guy, Ill tell you that.","['I dont know why you even bother with this ping pong guy, Ill tell you that.']",-0.6369,0.0,0.0,0.0,0.0,0.0,0.0,0.0,0.0
I dont bother with him. Hes been calling me for seven years. Ive never called him once! Hes got the attention span of a five-year-old. Sometimes I sit there and I make up things just to see if hes paying attention.,"['I dont bother with him.', 'Hes been calling me for seven years.', 'Ive never called him once!', 'Hes got the attention span of a five-year-old.', 'Sometimes I sit there and I make up things just to see if hes paying attention.']",,0.0,0.0,0.0,0.0,0.0,0.0,0.0,0.0
I dont understand why you spend time with this guy.,['I dont understand why you spend time with this guy.'],,0.0,0.0,0.0,0.0,0.0,0.0,0.0,0.0
"What can I do? Break up with him? Tell him, I dont think were right for each other. Hes a guy! At least with a woman, theres a precendent. You know, the relationship goes sour, you end it.","['What can I do?', 'Break up with him?', 'Tell him, I dont think were right for each other.', 'Hes a guy!', 'At least with a woman, theres a precendent.', 'You know, the relationship goes sour, you end it.']",,0.0,0.0,0.0,0.0,0.0,0.0,0.5,0.0
"No no no no, you have to approach this as if he was a woman.","['No no no no, you have to approach this as if he was a woman.']",0.4168,0.0,0.0,0.0,0.0,0.0,0.0,0.0,0.0
Just break up with him?,['Just break up with him?'],,0.0,0.0,0.0,0.0,1.0,0.0,0.0,0.0
Absolutely. You just tell him the truth.,"['Absolutely.', 'You just tell him the truth.']",0.1591,0.0,0.0,0.0,0.5,0.0,0.0,0.0,0.0
The Truth.,['The Truth.'],0.3182,0.0,0.0,0.0,0.0,0.0,0.0,0.0,0.0
"As a guy I dont know how I can break up with another guy. You know what I mean? I dont know how to say, Bill, I feel I need to see other men. Do you know what I mean? Theres nothing I can do. I have to wait for someone to die. I think thats the only way out of this relationship. It could be a long time. See, the great thing about guys is that we can become friends based on almost nothing. Just two guys will just become friends just because theyre two guys. Thats almost all we need to have in common. Cause sports  sports and women  is really all we talk about. If there was no sports and no women the only thing guys would ever say is, So, whats in the refrigerator?","['As a guy I dont know how I can break up with another guy.', 'You know what I mean?', 'I dont know how to say, Bill, I feel I need to see other men.', 'Do you know what I mean?', 'Theres nothing I can do.', 'I have to wait for someone to die.', 'I think thats the only way out of this relationship.', 'It could be a long time.', 'See, the great thing about guys is that we can become friends based on almost nothing.', 'Just two guys will just become friends just because theyre two guys.', 'Thats almost all we need to have in common.', 'Cause sports  sports and women  is really all we talk about.', 'If there was no sports and no women the only thing guys would ever say is, So, whats in the refrigerator?']",,0.1111111111111111,0.0,0.0,0.0,0.1111111111111111,0.1111111111111111,0.0,0.0
"...so my shrink wants me to bring my mother in for a session. This guy is a brilliant man. Lenny Bruce used to go to him. And I think, uh, Geraldo.","['...so my shrink wants me to bring my mother in for a session.', 'This guy is a brilliant man.', 'Lenny Bruce used to go to him.', 'And I think, uh, Geraldo.']",,0.07692307692307693,0.0,0.0,0.15384615384615385,0.0,0.15384615384615385,0.0,0.15384615384615385
"You know, I read the Lenny Bruce biography, I thought it was really... interesting. He would-","['You know, I read the Lenny Bruce biography, I thought it was really... interesting.', 'He would-']",,0.0,0.0,0.0,0.0,0.0,0.0,0.0,0.0
"(to the counter of the restaurant) Hey hey hey hey, were starving here! Weve been waiting here for ten minutes already!","['(to the counter of the restaurant) Hey hey hey hey, were starving here!', 'Weve been waiting here for ten minutes already!']",-0.2621,0.0,0.0,0.0,0.0,0.0,0.0,0.0,0.0
"(testing Joel) So, Im thinking about going to Iran this summer.","['(testing Joel) So, Im thinking about going to Iran this summer.']",,0.0,0.0,0.0,0.0,0.0,0.0,0.0,0.0
"I have to eat! I mean, Im hypoglycemic.","['I have to eat!', 'I mean, Im hypoglycemic.']",,0.0,0.0,0.0,0.0,0.0,0.0,0.0,0.0
"Anyway, the Hizballah has invited me to perform. (Joel shakes his head agreeing; Jerry smiles) You know, its their annual terrorist luncheon.","['Anyway, the Hizballah has invited me to perform.', '(Joel shakes his head agreeing; Jerry smiles) You know, its their annual terrorist luncheon.']",,0.125,0.125,0.0,0.125,0.125,0.125,0.125,0.0
Yeah.,['Yeah.'],0.296,0.0,0.0,0.0,0.0,0.0,0.0,0.0,0.0
(cont'd) Im gonna do it in Farsi.,"[""(cont'd) Im gonna do it in Farsi.""]",,0.0,0.0,0.0,0.0,0.0,0.0,0.0,0.0
Do you think I need a haircut?,['Do you think I need a haircut?'],,0.0,0.0,0.0,0.0,0.0,0.0,0.0,0.0
Are you ready?,['Are you ready?'],0.3612,0.0,0.0,0.0,0.0,0.0,0.0,0.0,0.0
"Yeah, Ill have the egg salad on whole wheat.","['Yeah, Ill have the egg salad on whole wheat.']",-0.1531,0.0,0.0,0.0,0.0,0.0,0.0,0.0,0.0
"(to the waitress) Let me ask you a question. This, uh, this turkey sandwich here, is that real turkey, or is it a turkey roll? I dont want that processed turkey. (to Jerry) I hate it.","['(to the waitress) Let me ask you a question.', 'This, uh, this turkey sandwich here, is that real turkey, or is it a turkey roll?', 'I dont want that processed turkey.', '(to Jerry) I hate it.']",-0.1506,0.125,0.125,0.0,0.125,0.0,0.125,0.125,0.0
I think its real turkey.,['I think its real turkey.'],,0.0,0.0,0.0,0.5,0.0,0.0,0.0,0.0
Is there a real bird in the back?,['Is there a real bird in the back?'],,0.0,0.0,0.0,0.5,0.0,0.0,0.0,0.0
"No, theres not bird but-","['No, theres not bird but-']",,0.0,0.0,0.0,0.0,0.0,0.0,0.0,0.0
"Well, how do you know for sure? Look, why dont you do me a favor. Why dont you go in the back and find out, okay? (The waitress leaves.) Unbelievable.","['Well, how do you know for sure?', 'Look, why dont you do me a favor.', 'Why dont you go in the back and find out, okay?', '(The waitress leaves.)', 'Unbelievable.']",,0.0,0.0,0.0,0.0,0.0,0.0,0.0,0.0
How can you talk to someone like that?,['How can you talk to someone like that?'],0.3612,0.0,0.0,0.0,0.0,0.0,0.0,0.0,0.0
"What are you saying? What, you like turkey roll?","['What are you saying?', 'What, you like turkey roll?']",0.2165,0.0,0.0,0.0,0.0,0.0,0.0,0.0,0.0
"Listen, Joel. Theres something I have to tell you...","['Listen, Joel.', 'Theres something I have to tell you...']",,0.0,0.0,0.0,0.0,0.0,0.0,0.0,0.0
"(laughing) Wait, youll never guess who I ran into.","['(laughing) Wait, youll never guess who I ran into.']",0.4939,0.0,0.0,0.0,0.0,0.3333333333333333,0.0,0.0,0.3333333333333333
Howard Metro.,['Howard Metro.'],,0.0,0.0,0.0,0.0,0.0,0.0,0.0,0.0
"He asked me if I still saw you. I said, Sure, I see him all the time. Were still great friends. Anyway, Howard says hello. (laughs)","['He asked me if I still saw you.', 'I said, Sure, I see him all the time.', 'Were still great friends.', 'Anyway, Howard says hello.', '(laughs)']",0.1501,0.0,0.0,0.0,0.0,0.0,0.0,0.0,0.0
"Listen, Joel, I dont think we should see each other anymore.","['Listen, Joel, I dont think we should see each other anymore.']",,0.0,0.0,0.0,0.0,0.0,0.0,0.0,0.0
What?,['What?'],,0.0,0.0,0.0,0.0,0.0,0.0,0.0,0.0
This friendship Its not working.,['This friendship Its not working.'],0.4404,0.0,0.0,0.0,0.25,0.0,0.0,0.0,0.25
Not working? What are you talking about?,"['Not working?', 'What are you talking about?']",,0.0,0.0,0.0,0.0,0.0,0.0,0.0,0.0
Were just not suited to be friends.,['Were just not suited to be friends.'],0.4767,0.0,0.0,0.0,0.0,0.0,0.0,0.0,0.0
How can you say that?,['How can you say that?'],,0.0,0.0,0.0,0.0,0.0,0.0,0.0,0.0
"Look, youre a nice guy, its just that... we dont have anything in common.","['Look, youre a nice guy, its just that... we dont have anything in common.']",0.4215,0.0,0.0,0.0,0.0,0.0,0.0,0.0,0.0
(starting to cry) Wai-Wait. What did I do? Tell me. I want to know what I did.,"['(starting to cry) Wai-Wait.', 'What did I do?', 'Tell me.', 'I want to know what I did.']",,0.0,0.0,0.0,0.0,0.0,0.5,0.0,0.0
"Y-You didnt do anything. Its not you, its me. Its- this is very difficult.","['Y-You didnt do anything.', 'Its not you, its me.', 'Its- this is very difficult.']",,1.0,0.0,0.0,0.0,0.0,0.0,0.0,0.0
"Look, I know I call you too much, right? I mean, I know youre a very busy guy.","['Look, I know I call you too much, right?', 'I mean, I know youre a very busy guy.']",,0.0,0.0,0.0,0.0,0.0,0.0,0.0,0.0
"No, its not that.","['No, its not that.']",,0.0,0.0,0.0,0.0,0.0,0.0,0.0,0.0
(crying) Youre one of the few people I can talk to.,['(crying) Youre one of the few people I can talk to.'],-0.4767,0.0,0.0,0.0,0.0,0.0,0.3333333333333333,0.0,0.0
"Oh, come on. Thats not true.","['Oh, come on.', 'Thats not true.']",-0.1626,0.0,0.0,0.0,0.3333333333333333,0.0,0.0,0.0,0.3333333333333333
"I always tell everybody about you. Tell everybody to (to the rest of the coffee shop) GO SEE HIS SHOW! (to Jerry) I mean, Im your biggest fan!","['I always tell everybody about you.', 'Tell everybody to (to the rest of the coffee shop) GO SEE HIS SHOW!', '(to Jerry) I mean, Im your biggest fan!']",,0.0,0.0,0.0,0.0,0.0,0.0,0.0,0.0
"I know, I know.","['I know, I know.']",,0.0,0.0,0.0,0.0,0.0,0.0,0.0,0.0
"I mean, youre my best friend.","['I mean, youre my best friend.']",0.8126,0.0,0.0,0.0,0.3333333333333333,0.0,0.0,0.0,0.3333333333333333
Best friend- Ive never been to your apartment.,['Best friend- Ive never been to your apartment.'],0.8126,0.0,0.0,0.0,0.3333333333333333,0.0,0.0,0.0,0.3333333333333333
I cannot believe that this is happening. I cant believe it.,"['I cannot believe that this is happening.', 'I cant believe it.']",,0.0,0.0,0.0,0.0,0.0,0.0,0.0,0.0
"Okay, okay. Forget it. Its okay. I didnt mean it.","['Okay, okay.', 'Forget it.', 'Its okay.', 'I didnt mean it.']",,0.0,0.0,0.0,0.0,0.0,0.0,0.0,0.0
Didnt mean what?,['Didnt mean what?'],,0.0,0.0,0.0,0.0,0.0,0.0,0.0,0.0
What I said. Ive been under a lot of stress.,"['What I said.', 'Ive been under a lot of stress.']",-0.2107,0.0,0.0,0.0,0.0,0.0,0.0,0.0,0.0
"Oh, youve been under a lot of stress.","['Oh, youve been under a lot of stress.']",-0.4215,0.0,0.0,0.0,0.0,0.0,0.0,0.0,0.0
"Just, can we just forget the whole thing ever happend? Im sorry. I didnt mean it. I took it out on you. Were still friends. Were still friends. Still friends. Okay? Look, Ill tell you what. Ive got Knick tickets this Wednesday. Great seats behind the bench. You want to come with me? Come on.","['Just, can we just forget the whole thing ever happend?', 'Im sorry.', 'I didnt mean it.', 'I took it out on you.', 'Were still friends.', 'Were still friends.', 'Still friends.', 'Okay?', 'Look, Ill tell you what.', 'Ive got Knick tickets this Wednesday.', 'Great seats behind the bench.', 'You want to come with me?', 'Come on.']",,0.0,0.0,0.0,0.0,0.0,0.0,0.0,0.0
Tonight?,['Tonight?'],,0.0,0.0,0.0,0.0,0.0,0.0,0.0,0.0
"No, next Wednesday. If it was tonight, I wouldve said tonight.","['No, next Wednesday.', 'If it was tonight, I wouldve said tonight.']",,0.0,0.0,0.0,0.0,0.0,0.0,0.0,0.0
Do you really want me to go?,['Do you really want me to go?'],0.1513,0.0,0.0,0.0,0.0,0.0,0.0,0.0,0.0
(lying) Yes.,['(lying) Yes.'],-0.1779,0.0,0.3333333333333333,0.0,0.0,0.0,0.0,0.3333333333333333,0.0
"Okay. (Jerry gives him some napkins to clean himself up) Yeah, okay. Great! That would be, thatd be great. So, next Wednesday.","['Okay.', '(Jerry gives him some napkins to clean himself up) Yeah, okay.', 'Great!', 'That would be, thatd be great.', 'So, next Wednesday.']",,0.0,0.0,0.0,0.3333333333333333,0.0,0.0,0.0,0.3333333333333333
Next Wednesday.,['Next Wednesday.'],,0.0,0.0,0.0,0.0,0.0,0.0,0.0,0.0
Where is that waitress? (to the counter) Hey!,"['Where is that waitress?', '(to the counter) Hey!']",,0.0,0.0,0.0,0.0,0.0,0.0,0.0,0.0
...she calls me up at my office,['...she calls me up at my office'],,0.0,0.0,0.0,0.3333333333333333,0.0,0.0,0.0,0.0
Yeah.,['Yeah.'],0.296,0.0,0.0,0.0,0.0,0.0,0.0,0.0,0.0
"(cont'd) she says, We have to talk.","[""(cont'd) she says, We have to talk.""]",,0.0,0.0,0.0,0.0,0.0,0.0,0.0,0.0
"Ugh, the four worst words in the English language.","['Ugh, the four worst words in the English language.']",-0.7845,0.0,0.5,0.0,0.0,0.0,0.0,0.0,0.0
"That, or Whos bra is this?","['That, or Whos bra is this?']",,0.0,0.0,0.0,0.0,0.0,0.0,0.0,0.0
That is worse.,['That is worse.'],-0.4767,0.3333333333333333,0.0,0.0,0.0,0.0,0.3333333333333333,0.0,0.0
"So we order lunch, and were talking. Finally, she blurts out how its not working.","['So we order lunch, and were talking.', 'Finally, she blurts out how its not working.']",,0.0,0.0,0.0,0.0,0.0,0.0,0.0,0.0
Really.,['Really.'],,0.0,0.0,0.0,0.0,0.0,0.0,0.0,0.0
"So, Im thinking, as shes saying this, Im thinking great, the relationships over. But the egg salads on the way. So now I have a decision Do I walk or do I eat?","['So, Im thinking, as shes saying this, Im thinking great, the relationships over.', 'But the egg salads on the way.', 'So now I have a decision Do I walk or do I eat?']",0.2083,0.0,0.0,0.0,0.0,0.0,0.0,0.0,0.0
Hm. You ate.,"['Hm.', 'You ate.']",,0.0,0.0,0.0,0.0,0.0,0.0,0.0,0.0
"We sat there for twenty minutes, chewing, staring at each other in a defunct relationship.","['We sat there for twenty minutes, chewing, staring at each other in a defunct relationship.']",,0.0,0.0,0.0,0.0,0.0,0.3333333333333333,0.0,0.0
"Someone says, Get out of my life, and that doesnt affect your appetite?","['Someone says, Get out of my life, and that doesnt affect your appetite?']",,0.0,0.0,0.0,0.0,0.0,0.0,0.0,0.0
Have you ever had their egg salad?,['Have you ever had their egg salad?'],,0.0,0.0,0.0,0.0,0.0,0.0,0.0,0.0
It is unbelievable.,['It is unbelievable.'],0.2023,0.0,0.0,0.0,0.0,0.0,0.0,0.0,0.0
Its unbelievable. You know what else is unbelievable? I picked up the check. She didnt even offer. She ended it. The least she could do is send me off with a sandwich.,"['Its unbelievable.', 'You know what else is unbelievable?', 'I picked up the check.', 'She didnt even offer.', 'She ended it.', 'The least she could do is send me off with a sandwich.']",,0.0,0.0,0.0,0.0,0.0,0.0,0.0,0.0
How much could you possibly have in there?,['How much could you possibly have in there?'],,0.0,0.0,0.0,0.0,0.0,0.0,0.0,0.0
Its my money. What should I do? Throw it out the window? I know a guy who took his vacation on his change.,"['Its my money.', 'What should I do?', 'Throw it out the window?', 'I know a guy who took his vacation on his change.']",,0.1,0.1,0.0,0.1,0.1,0.0,0.0,0.2
"Yeah? Whered he go, to an arcade?","['Yeah?', 'Whered he go, to an arcade?']",,0.0,0.0,0.0,0.0,0.0,0.0,0.0,0.0
(sarcastically) Thats funny. Youre a funny guy.,"['(sarcastically) Thats funny.', 'Youre a funny guy.']",,0.0,0.0,0.0,0.0,0.0,0.0,0.0,0.0
"Cmon, move up.","['Cmon, move up.']",,0.0,0.0,0.0,0.0,0.0,0.0,0.0,0.0
"Oh great, Ewings hurt.","['Oh great, Ewings hurt.']",0.1779,0.25,0.25,0.0,0.0,0.0,0.25,0.0,0.0
Ewings hurt? How long is he going to be out?,"['Ewings hurt?', 'How long is he going to be out?']",,0.2,0.2,0.0,0.0,0.0,0.2,0.0,0.0
A couple of days at the most but...,['A couple of days at the most but...'],,0.0,0.0,0.0,0.0,0.0,0.0,0.0,0.0
Geez.,['Geez.'],,0.0,0.0,0.0,0.0,0.0,0.0,0.0,0.0
"Oh, God.","['Oh, God.']",0.2732,0.0,0.0,0.0,0.0,0.0,0.0,0.0,0.0
I got scared there for a second. The Knicks without Ewing.,"['I got scared there for a second.', 'The Knicks without Ewing.']",-0.2202,0.0,0.0,0.0,0.0,0.0,0.0,0.0,0.0
"Listen, George, little problem with the game.","['Listen, George, little problem with the game.']",-0.3415,0.3333333333333333,0.0,0.0,0.0,0.0,0.3333333333333333,0.0,0.0
What about it?,['What about it?'],,0.0,0.0,0.0,0.0,0.0,0.0,0.0,0.0
"The thing is, yesterday, I kind of.. uh..","['The thing is, yesterday, I kind of.. uh..']",0.5267,0.0,0.0,0.0,0.3333333333333333,0.0,0.0,0.0,0.3333333333333333
What?,['What?'],,0.0,0.0,0.0,0.0,0.0,0.0,0.0,0.0
I gave your ticket to Horneck.,['I gave your ticket to Horneck.'],,0.0,0.0,0.0,0.0,0.0,0.0,0.0,0.0
(not believing him) You what?!,"['(not believing him) You what?', '!']",,0.0,0.0,0.0,0.5,0.0,0.0,0.0,0.0
"Yeah, Im sorry. I had to give it to Horneck.","['Yeah, Im sorry.', 'I had to give it to Horneck.']",,0.0,0.0,0.0,0.0,0.0,0.0,0.0,0.0
No! My ticket?! You gave my ticket to Horneck?,"['No!', 'My ticket?!', 'You gave my ticket to Horneck?']",,0.0,0.0,0.0,0.0,0.0,0.0,0.0,0.0
"Cmon, cmon, go ahead, move up.","['Cmon, cmon, go ahead, move up.']",,0.0,0.0,0.0,0.0,0.0,0.0,0.0,0.0
Why did you give him my ticket for?,['Why did you give him my ticket for?'],,0.0,0.0,0.0,0.0,0.0,0.0,0.0,0.0
You didnt see him. It was horrible.,"['You didnt see him.', 'It was horrible.']",-0.2712,0.25,0.25,0.0,0.0,0.0,0.0,0.25,0.0
"Oh, cmon, Jerry. I cant believe this.","['Oh, cmon, Jerry.', 'I cant believe this.']",,0.0,0.0,0.0,0.0,0.0,0.0,0.0,0.0
I had to do it.,['I had to do it.'],,0.0,0.0,0.0,0.0,0.0,0.0,0.0,0.0
"Oh, please. (to the teller) Can you change this into bills?","['Oh, please.', '(to the teller) Can you change this into bills?']",,1.0,0.0,0.0,0.0,0.0,0.0,0.0,0.0
"Im sorry, sir. We cant do that.","['Im sorry, sir.', 'We cant do that.']",,0.0,0.0,0.0,0.5,0.0,0.0,0.0,0.0
Do you want to go with him? You go. I dont mind.,"['Do you want to go with him?', 'You go.', 'I dont mind.']",,0.0,0.0,0.0,0.0,0.0,0.0,0.0,0.0
"Im not going with him. I dont even know the guy. (to the teller) Look, they did this for me before.","['Im not going with him.', 'I dont even know the guy.', '(to the teller) Look, they did this for me before.']",,0.0,0.0,0.0,0.0,0.0,0.0,0.0,0.0
"Look, I can give you these and you can roll them yourself.","['Look, I can give you these and you can roll them yourself.']",,0.0,0.0,0.0,0.0,0.0,0.0,0.0,0.0
"You want me to roll six thousand of these?! What, should I quit my job?!","['You want me to roll six thousand of these?!', 'What, should I quit my job?', '!']",,0.0,0.0,0.0,0.0,0.0,0.0,0.0,0.0
"No, I do not like the bank. Ive heard the expression Laughing all the way to the bank. I have never seen anyone actually doing it. And those bank lines. I hate it when theres nobody on the line at all, you know that part, you go to the bank, its empty and you still have to go through the little maze. (walking on the stage like he is going through a maze) Can you get a little piece of cheese for me? Im almost at the front. Id like a reward for this please.","['No, I do not like the bank.', 'Ive heard the expression Laughing all the way to the bank.', 'I have never seen anyone actually doing it.', 'And those bank lines.', 'I hate it when theres nobody on the line at all, you know that part, you go to the bank, its empty and you still have to go through the little maze.', '(walking on the stage like he is going through a maze) Can you get a little piece of cheese for me?', 'Im almost at the front.', 'Id like a reward for this please.']",,0.13333333333333333,0.06666666666666667,0.0,0.3333333333333333,0.06666666666666667,0.06666666666666667,0.06666666666666667,0.06666666666666667
"...thirty-two, thirty-three-","['...thirty-two, thirty-three-']",,0.0,0.0,0.0,0.0,0.0,0.0,0.0,0.0
George.,['George.'],,0.0,0.0,0.0,0.0,0.0,0.0,0.0,0.0
Not now.,['Not now.'],,0.0,0.0,0.0,0.0,0.0,0.0,0.0,0.0
Could you stop the counting?,['Could you stop the counting?'],-0.296,0.0,0.0,0.0,0.0,0.0,0.0,0.0,0.0
Nnnnnnngaaa!,['Nnnnnnngaaa!'],,0.0,0.0,0.0,0.0,0.0,0.0,0.0,0.0
What?!,"['What?', '!']",,0.0,0.0,0.0,0.0,0.0,0.0,0.0,0.0
Can I make it up to you? Ill give you fifty bucks for the jug.,"['Can I make it up to you?', 'Ill give you fifty bucks for the jug.']",,0.0,0.0,0.0,0.0,0.0,0.0,0.0,0.0
"Oh, yeah, sure. Keep your money.","['Oh, yeah, sure.', 'Keep your money.']",,0.0,0.16666666666666666,0.0,0.16666666666666666,0.16666666666666666,0.0,0.0,0.16666666666666666
"Well, then Im not going to the game either. Okay? Ill give him both tickets.","['Well, then Im not going to the game either.', 'Okay?', 'Ill give him both tickets.']",,0.0,0.0,0.0,0.0,0.0,0.0,0.0,0.0
"Oh geeeee. (George pantomimes sticking a knife in his heart, and twists it.) Go, go!","['Oh geeeee.', '(George pantomimes sticking a knife in his heart, and twists it.)', 'Go, go!']",0.2232,0.0,0.0,0.0,0.0,0.0,0.0,0.0,0.0
"I- no, I dont want to go.","['I- no, I dont want to go.']",,0.0,0.0,0.0,0.0,0.0,0.0,0.0,0.0
He was really crying?,['He was really crying?'],-0.5256,0.0,0.0,0.0,0.0,0.0,0.5,0.0,0.0
"I had to give him a tissue. In fact, let me call his machine now and Ill just make up some excuse why I cant go to the game either.","['I had to give him a tissue.', 'In fact, let me call his machine now and Ill just make up some excuse why I cant go to the game either.']",-0.1806,0.0,0.0,0.0,0.6666666666666666,0.0,0.0,0.0,0.0
"Wait a minute. Wait a minute. As long as youre going to lie to the guy, why dont you tell him that you lost both of the tickets, then we can go?","['Wait a minute.', 'Wait a minute.', 'As long as youre going to lie to the guy, why dont you tell him that you lost both of the tickets, then we can go?']",,0.0,0.14285714285714285,0.0,0.0,0.0,0.2857142857142857,0.14285714285714285,0.0
"George, the man wept.","['George, the man wept.']",-0.4588,0.0,0.0,0.0,0.0,0.0,0.0,0.0,0.0
"Oh, hey guys. Man, Im telling you, this pizza idea, is really going to happen.","['Oh, hey guys.', 'Man, Im telling you, this pizza idea, is really going to happen.']",,0.0,0.0,0.0,0.0,0.0,0.0,0.0,0.0
This is the thing where you go and you have to make your own pizza?,['This is the thing where you go and you have to make your own pizza?'],,0.0,0.0,0.0,0.0,0.0,0.0,0.0,0.0
"Yeah, we give you the dough, you smash it, you pound it, you fling it in the air. And then you get to put your sauce and you get to sprinkle your cheese, and then- you slide it into the oven.","['Yeah, we give you the dough, you smash it, you pound it, you fling it in the air.', 'And then you get to put your sauce and you get to sprinkle your cheese, and then- you slide it into the oven.']",,0.2,0.4,0.0,0.0,0.0,0.0,0.0,0.0
"You know, you have to know how to do that. You cant have people shoving their arms into a six-hundred degree oven!","['You know, you have to know how to do that.', 'You cant have people shoving their arms into a six-hundred degree oven!']",,0.0,0.0,0.0,0.0,0.0,0.0,0.0,0.0
Its all supervised.,['Its all supervised.'],,0.0,0.0,0.0,0.0,0.0,0.0,0.0,0.0
"Oh, well...","['Oh, well...']",0.2732,0.0,0.0,0.0,0.0,0.0,0.0,0.0,0.0
All of it. You want to invest?,"['All of it.', 'You want to invest?']",,0.0,0.0,0.0,0.0,0.0,0.0,0.0,0.0
My moneys all tied up in change right now.,['My moneys all tied up in change right now.'],,1.0,0.0,0.0,0.0,0.0,0.0,0.0,0.0
"No, Im tellin you, people, they really want to make their own pizza pie.","['No, Im tellin you, people, they really want to make their own pizza pie.']",0.1513,0.0,0.0,0.0,0.0,0.0,0.0,0.0,0.0
"I-I have to say something. With all due respect, I just never- I cant imagine anyone in any walk of life, under any circumstance, wanting to make their own pizza pie... but thats me. Alright","['I-I have to say something.', 'With all due respect, I just never- I cant imagine anyone in any walk of life, under any circumstance, wanting to make their own pizza pie... but thats me.', 'Alright']",,0.0,0.0,0.0,0.16666666666666666,0.0,0.16666666666666666,0.0,0.16666666666666666
Thats you.,['Thats you.'],,0.0,0.0,0.0,0.0,0.0,0.0,0.0,0.0
Im just saying..Alright.,['Im just saying..Alright.'],,0.0,0.0,0.0,0.0,0.0,0.0,0.0,0.0
"Okay, okay. I just wanted to check with you guys.","['Okay, okay.', 'I just wanted to check with you guys.']",,0.0,0.0,0.0,0.0,0.0,0.0,0.0,0.0
Okay.,['Okay.'],0.2263,0.0,0.0,0.0,0.0,0.0,0.0,0.0,0.0
"You know, this business is going to be big. I just wanted- okay.","['You know, this business is going to be big.', 'I just wanted- okay.']",,0.0,0.0,0.0,0.0,0.0,0.0,0.0,0.0
"One day, youll beg me to make your own pie.","['One day, youll beg me to make your own pie.']",,0.0,0.0,0.0,0.0,0.0,0.5,0.0,0.0
"(to the phone) Hi, Joel. This is Jerry. I hope you get this before you- Oh, Hi. Joel... Oh, you just came in... Listen, I cant make it to the game tonight... I, uh, have to tutor my nephew... Yeah, hes got an exam tomorrow... Geometry... You know, trapezoids, rhombus... Anyway, listen, you take the tickets. Theyre at the Will-Call window... And Im really sorry... Have a good time... Well talk next week... Okay... Yeah, I dont... Fine.. Fine... Bye.","['(to the phone) Hi, Joel.', 'This is Jerry.', 'I hope you get this before you- Oh, Hi.', 'Joel... Oh, you just came in...', 'Listen, I cant make it to the game tonight...', 'I, uh, have to tutor my nephew... Yeah, hes got an exam tomorrow... Geometry... You know, trapezoids, rhombus...', 'Anyway, listen, you take the tickets.', 'Theyre at the Will-Call window... And Im really sorry... Have a good time... Well talk next week...', 'Okay... Yeah, I dont... Fine.. Fine... Bye.']",,0.0,0.0,0.0,0.14285714285714285,0.14285714285714285,0.0,0.0,0.14285714285714285
Trapezoid?,['Trapezoid?'],,0.0,0.0,0.0,0.0,0.0,0.0,0.0,0.0
I know. Im really running out of excuses with this guy. I need some kind of excuse rolodex.,"['I know.', 'Im really running out of excuses with this guy.', 'I need some kind of excuse rolodex.']",,0.0,0.0,0.0,0.25,0.0,0.0,0.0,0.25
"Come on, lets go do something. I dont wanna just sit around here.","['Come on, lets go do something.', 'I dont wanna just sit around here.']",,0.3333333333333333,0.0,0.0,0.0,0.0,0.3333333333333333,0.0,0.0
Okay.,['Okay.'],0.2263,0.0,0.0,0.0,0.0,0.0,0.0,0.0,0.0
Want to go get something to eat?,['Want to go get something to eat?'],,0.0,0.0,0.0,0.0,0.0,0.0,0.0,0.0
Where do you want to go?,['Where do you want to go?'],,0.0,0.0,0.0,0.0,0.0,0.0,0.0,0.0
"I dont care, Im not hungry.","['I dont care, Im not hungry.']",-0.3875,0.0,0.0,0.0,0.0,0.0,0.0,0.0,0.0
We could go to one of those uh cappuccino places. They let you just sit there.,"['We could go to one of those uh cappuccino places.', 'They let you just sit there.']",,0.0,0.0,0.0,0.0,0.0,0.0,0.0,0.0
What are we gonna do there? Talk?,"['What are we gonna do there?', 'Talk?']",,0.0,0.0,0.0,0.0,0.0,0.0,0.0,0.0
We could talk.,['We could talk.'],,0.0,0.0,0.0,0.0,0.0,0.0,0.0,0.0
Ill go if I dont have to talk.,['Ill go if I dont have to talk.'],-0.4215,0.0,0.0,0.0,0.0,0.0,0.0,0.0,0.0
Then well just sit there.,['Then well just sit there.'],0.2732,0.0,0.0,0.0,0.0,0.0,0.0,0.0,0.0
"Okay. Im gonna check my machine first. (Elaine sees a pad of paper by the phone; reading) Picking someone up at the airport, jury duty, waiting for cable guy...","['Okay.', 'Im gonna check my machine first.', '(Elaine sees a pad of paper by the phone; reading) Picking someone up at the airport, jury duty, waiting for cable guy...']",,0.0,0.0,0.0,0.3333333333333333,0.16666666666666666,0.0,0.0,0.0
"Okay, just hand that over, please.","['Okay, just hand that over, please.']",0.7506,0.0,0.0,0.0,0.0,0.0,0.0,0.0,0.0
"Oh, what is this?","['Oh, what is this?']",,0.0,0.0,0.0,0.0,0.0,0.0,0.0,0.0
"Its a list of excuses, its for that guy, Horneck, whos at the game tonight with my tickets. I have that list now so in case he calls, I just consult it and I dont have to see him. (Elaine laughs.) I need it. (Elaine starts writing on the list.) What are you doing?","['Its a list of excuses, its for that guy, Horneck, whos at the game tonight with my tickets.', 'I have that list now so in case he calls, I just consult it and I dont have to see him.', '(Elaine laughs.)', 'I need it.', '(Elaine starts writing on the list.)', 'What are you doing?']",,0.14285714285714285,0.0,0.0,0.2857142857142857,0.0,0.14285714285714285,0.0,0.0
I got some for you.,['I got some for you.'],,0.0,0.0,0.0,0.0,0.0,0.0,0.0,0.0
I dont need any more.,['I dont need any more.'],,0.0,0.0,0.0,0.0,0.0,0.0,0.0,0.0
"No no no no no, these are good. Listen, listen You ran out of underwear, you cant leave the house.","['No no no no no, these are good.', 'Listen, listen You ran out of underwear, you cant leave the house.']",0.2938,0.0,0.0,0.0,0.125,0.25,0.125,0.0,0.125
(not amused) Very funny.,['(not amused) Very funny.'],-0.6066,0.0,0.0,0.0,0.0,0.0,0.0,0.0,0.5
How about Youve been diagnosed as a multiple personality. Youre not even you. Youre Dan.,"['How about Youve been diagnosed as a multiple personality.', 'Youre not even you.', 'Youre Dan.']",,0.0,0.0,0.0,0.0,0.0,0.0,0.0,0.0
"Im Dan. Can I have my list back, please?","['Im Dan.', 'Can I have my list back, please?']",0.1591,0.0,0.0,0.0,0.0,0.0,0.0,0.0,0.0
"Here, here. Jerry Seinfeld, I cannot believe youre doing this. This is absolutely infantile.","['Here, here.', 'Jerry Seinfeld, I cannot believe youre doing this.', 'This is absolutely infantile.']",,0.0,0.3333333333333333,0.0,0.0,0.0,0.0,0.3333333333333333,0.0
What can I do?,['What can I do?'],,0.0,0.0,0.0,0.0,0.0,0.0,0.0,0.0
Deal with it. Be a man!,"['Deal with it.', 'Be a man!']",,0.0,0.0,0.0,0.0,0.0,0.0,0.0,0.0
Oh no. Thats impossible. Id rather lie to him for the rest of my life that go through that again. He was crying. Tears. Accompanied by mucus.,"['Oh no.', 'Thats impossible.', 'Id rather lie to him for the rest of my life that go through that again.', 'He was crying.', 'Tears.', 'Accompanied by mucus.']",,0.0,0.1,0.0,0.0,0.0,0.3,0.2,0.0
You made a man cry? Ive never made a man cry. I even kicked a guy in the groin once and he didnt cry. I got the cab.,"['You made a man cry?', 'Ive never made a man cry.', 'I even kicked a guy in the groin once and he didnt cry.', 'I got the cab.']",,0.0,0.0,0.0,0.0,0.0,0.42857142857142855,0.0,0.0
Couple of tough monkeys.,['Couple of tough monkeys.'],,0.0,0.0,0.0,0.0,0.0,0.5,0.0,0.0
"Oh, hi Elaine, hey. (to Jerry) Hey, you missed a great game tonight, buddy!","['Oh, hi Elaine, hey.', '(to Jerry) Hey, you missed a great game tonight, buddy!']",0.2463,0.0,0.0,0.0,0.25,0.0,0.0,0.0,0.25
Game?,['Game?'],,0.0,0.0,0.0,0.0,0.0,0.0,0.0,0.0
Knick game. Horneck took me. We were sitting two rows behind the bench. We're getting hit by sweat!,"['Knick game.', 'Horneck took me.', 'We were sitting two rows behind the bench.', ""We're getting hit by sweat!""]",,0.3333333333333333,0.3333333333333333,0.0,0.0,0.0,0.0,0.0,0.0
Wait. How does Horneck know you?,"['Wait.', 'How does Horneck know you?']",,0.0,0.0,0.0,0.0,0.0,0.0,0.0,0.0
"Last week. When I, you know, gave you the phone. Hes really into my pizza place idea!","['Last week.', 'When I, you know, gave you the phone.', 'Hes really into my pizza place idea!']",,0.0,0.0,0.0,0.0,0.0,0.0,0.0,0.0
This is too much.,['This is too much.'],,0.0,0.0,0.0,0.0,0.0,0.0,0.0,0.0
"Wait, what pizza place idea?","['Wait, what pizza place idea?']",,0.0,0.0,0.0,0.0,0.0,0.0,0.0,0.0
"Oh, no.","['Oh, no.']",,0.0,0.0,0.0,0.0,0.0,0.0,0.0,0.0
You get to make your own pie!,['You get to make your own pie!'],,0.0,0.0,0.0,0.0,0.0,0.0,0.0,0.0
"Oh, that sounds like a great idea. It would be fun.","['Oh, that sounds like a great idea.', 'It would be fun.']",0.436,0.0,0.0,0.0,0.0,0.0,0.0,0.0,0.3333333333333333
Yea.,['Yea.'],,0.0,0.0,0.0,0.0,0.0,0.0,0.0,0.0
(from the hallway) Kramer.,['(from the hallway) Kramer.'],,0.0,0.0,0.0,0.0,0.0,0.0,0.0,0.0
Yeah.,['Yeah.'],0.296,0.0,0.0,0.0,0.0,0.0,0.0,0.0,0.0
Perfect.,['Perfect.'],0.5719,0.0,0.0,0.0,0.0,0.0,0.0,0.0,0.0
Hey.,['Hey.'],,0.0,0.0,0.0,0.0,0.0,0.0,0.0,0.0
"Okay, who wants meatloaf?","['Okay, who wants meatloaf?']",0.2263,0.0,0.0,0.0,0.0,0.0,0.0,0.0,0.0
No thanks.,['No thanks.'],-0.3412,0.0,0.0,0.0,0.0,0.0,0.0,0.0,0.0
(to Joel) Its gonna be hot in a minute.,['(to Joel) Its gonna be hot in a minute.'],,0.0,1.0,0.0,0.0,0.0,0.0,0.0,0.0
"So, I though you were tutoring your nephew?","['So, I though you were tutoring your nephew?']",,0.0,0.0,0.0,0.0,0.0,0.0,0.0,0.0
"Oh, we finished early.","['Oh, we finished early.']",,0.0,0.0,0.0,0.0,0.0,0.0,0.0,0.0
"M-hm, Ill bet. So, are you going to introduce me to your nephew?","['M-hm, Ill bet.', 'So, are you going to introduce me to your nephew?']",-0.2107,0.0,0.0,0.0,0.0,0.0,0.0,0.0,0.0
"Elaine Benes, this is Joel Horneck.","['Elaine Benes, this is Joel Horneck.']",,0.0,0.0,0.0,0.0,0.0,0.0,0.0,0.0
Hi.,['Hi.'],,0.0,0.0,0.0,0.0,0.0,0.0,0.0,0.0
"Whoa, Nelson! This is Elaine? I though you guys split?","['Whoa, Nelson!', 'This is Elaine?', 'I though you guys split?']",,0.0,0.0,0.0,0.0,0.0,0.0,0.0,0.0
Were still friends.,['Were still friends.'],0.4767,0.0,0.0,0.0,0.0,0.0,0.0,0.0,0.0
"So, thanks again for those tickets. But next week, Im going to take you. How about next Tuesday night? (to Elaine) And why dont you come along?","['So, thanks again for those tickets.', 'But next week, Im going to take you.', 'How about next Tuesday night?', '(to Elaine) And why dont you come along?']",,0.0,0.0,0.0,0.0,0.0,0.0,0.0,0.0
"Oh, no no. Tuesdays uh no good becasue weve got choir practice.","['Oh, no no.', 'Tuesdays uh no good becasue weve got choir practice.']",-0.2792,0.0,0.0,0.0,0.2222222222222222,0.1111111111111111,0.0,0.0,0.2222222222222222
Right. I forgot about choir.,"['Right.', 'I forgot about choir.']",,0.0,0.0,0.0,0.3333333333333333,0.0,0.0,0.0,0.3333333333333333
We-Were doing that evening of Eastern European National Anthems.,['We-Were doing that evening of Eastern European National Anthems.'],,0.0,0.0,0.0,0.0,0.0,0.0,0.0,0.0
"Right. You know, the Wall being down and everything.","['Right.', 'You know, the Wall being down and everything.']",,0.0,0.0,0.0,0.0,0.0,0.0,0.0,0.0
What about Thursday night? I mean theyre playing the Sonics.,"['What about Thursday night?', 'I mean theyre playing the Sonics.']",,0.0,0.0,0.0,0.0,0.0,0.0,0.0,0.0
Huh... Thursday is no good because weve got to get to the hospital to see if we qualify as those organ donors.,['Huh... Thursday is no good because weve got to get to the hospital to see if we qualify as those organ donors.'],-0.3412,0.1,0.0,0.0,0.2,0.1,0.1,0.0,0.2
"You know, I should really try something like that.","['You know, I should really try something like that.']",0.4144,0.0,0.0,0.0,0.0,0.0,0.0,0.0,0.0
You really should.,['You really should.'],,0.0,0.0,0.0,0.0,0.0,0.0,0.0,0.0
"Well, lets just take a look here.","['Well, lets just take a look here.']",0.2732,0.0,0.0,0.0,0.0,0.0,0.0,0.0,0.0
"Forty-one home games. Let's see saturday night weve got the Mavericks. If you dont like the Mavericks, next Tuesday Lakers. I mean, you gotta like Magic, right? Lets see, on the road, on the road, on the road, on the road, back on the fourteenth. They play the Bulls. You cant miss Air Jordan...","['Forty-one home games.', ""Let's see saturday night weve got the Mavericks."", 'If you dont like the Mavericks, next Tuesday Lakers.', 'I mean, you gotta like Magic, right?', 'Lets see, on the road, on the road, on the road, on the road, back on the fourteenth.', 'They play the Bulls.', 'You cant miss Air Jordan...']",,0.0,0.0,0.0,0.0,0.0,0.0,0.0,0.0
"You know, I really... Ive come to the conclusion that there are certain friends in your life that theyre just always your friends, and you have to accept it. You see them, you dont really wanna see them. You dont call them, they call you. You dont call back, they call again. The only way to get through talking with people that you dont really have anything in common with is to pretend youre hosting your own little talk show. This is what I do. You pretend theres a little desk around you. The only problem with this is theres no way you can say, Hey, its been great having you on the show. Were out of time.","['You know, I really... Ive come to the conclusion that there are certain friends in your life that theyre just always your friends, and you have to accept it.', 'You see them, you dont really wanna see them.', 'You dont call them, they call you.', 'You dont call back, they call again.', 'The only way to get through talking with people that you dont really have anything in common with is to pretend youre hosting your own little talk show.', 'This is what I do.', 'You pretend theres a little desk around you.', 'The only problem with this is theres no way you can say, Hey, its been great having you on the show.', 'Were out of time.']",,0.16666666666666666,0.0,0.0,0.16666666666666666,0.0,0.16666666666666666,0.0,0.0
